序号,名称,朝代,最早朝代,朝代排序值,地址,地市,区县,类型,批次,编号,年度,访古等级
1,平型关战役遗址,1937年,近现代,1937,山西省繁峙县,忻州市,繁峙县,近现代/革命史迹,第一批,25,1961,可选
2,八路军总司令部旧址,1938年,近现代,1938,山西省武乡县,长治市,武乡县,近现代/革命史迹,第一批,26,1961,可选
3,云冈石窟,北魏,北魏,386,山西省大同市,大同市,,石窟寺及石刻,第一批,34,1961,必去
4,佛宫寺释迦塔（应县木塔）,辽,辽,916,山西省应县,朔州市,应县,古建筑,第一批,71,1961,必去
5,南禅寺大殿,唐,唐,618,山西省五台县,忻州市,五台县,古建筑,第一批,79,1961,必去
6,佛光寺,唐至清,唐,618,山西省五台县,忻州市,五台县,古建筑,第一批,80,1961,必去
7,晋祠,宋,宋,960,山西省太原市,太原市,,古建筑,第一批,85,1961,必去
8,善化寺,辽、金,辽,916,山西省大同市,大同市,,古建筑,第一批,88,1961,必去
9,华严寺,辽、金、清,辽,916,山西省大同市,大同市,,古建筑,第一批,91,1961,必去
10,永乐宫,元,元,1271,山西省芮城县,运城市,芮城县,古建筑,第一批,93,1961,必去
11,广胜寺,元、明,元,1271,山西省洪洞县,临汾市,洪洞县,古建筑,第一批,96,1961,必去
12,丁村遗址,旧石器时代,旧石器时代,-10000,山西省临汾县,临汾市,临汾县,古遗址,第一批,137,1961,可选
13,侯马晋国遗址,东周,东周,-770,山西省侯马市,临汾市,侯马市,古遗址,第一批,146,1961,可选
14,白求恩模范病室旧址,1938年,近现代,1938,山西省五台县,忻州市,五台县,近现代/革命史迹,第二批,7,1982,可选
15,岩山寺,金,金,1115,山西省繁峙县,忻州市,繁峙县,古建筑,第二批,23,1982,推荐
16,显通寺,明至清,明,1368,山西省五台县,忻州市,五台县,古建筑,第二批,26,1982,推荐
17,悬空寺,明,明,1368,山西省浑源县,大同市,浑源县,古建筑,第二批,30,1982,必去
18,平遥城墙,明,明,1368,山西省平遥县,晋中市,平遥县,古建筑,第三批,60,1988,必去
19,丁村民宅,明至清,明,1368,山西省襄汾县,临汾市,襄汾县,古建筑,第三批,87,1988,推荐
20,法兴寺,唐,唐,618,山西省长子县,长治市,长子县,古建筑,第三批,106,1988,推荐
21,天台庵,唐,唐,618,山西省平顺县,长治市,平顺县,古建筑,第三批,107,1988,必去
22,青莲寺,唐至清,唐,618,山西省晋城市,晋城市,,古建筑,第三批,110,1988,推荐
23,镇国寺,五代至清,五代,907,山西省平遥县,晋中市,平遥县,古建筑,第三批,111,1988,必去
24,大云院,五代至清,五代,907,山西省平顺县,长治市,平顺县,古建筑,第三批,112,1988,必去
25,玉皇庙,宋至清,宋,960,山西省晋城市,晋城市,,古建筑,第三批,113,1988,推荐
26,崇福寺,金,金,1115,山西省朔县,朔州市,朔县,古建筑,第三批,117,1988,必去
27,双林寺,明,明,1368,山西省平遥县,晋中市,平遥县,古建筑,第三批,120,1988,必去
28,万荣东岳庙,元至清,元,1271,山西省万荣县,运城市,万荣县,古建筑,第三批,129,1988,推荐
29,解州关帝庙,清,清,1644,山西省运城市,运城市,,古建筑,第三批,130,1988,推荐
30,西侯度遗址,旧石器时代,旧石器时代,-10000,山西省芮城县,运城市,芮城县,古遗址,第三批,182,1988,可选
31,陶寺遗址,新石器时代,新石器时代,-5000,山西省襄汾县,临汾市,襄汾县,古遗址,第三批,192,1988,可选
32,禹王城遗址,东周至汉,东周,-770,山西省夏县,运城市,夏县,古遗址,第三批,205,1988,可选
33,平城遗址,北魏,北魏,386,山西省大同市,大同市,,古遗址,第三批,215,1988,可选
34,广武汉墓群,汉,汉,-206,山西省山阴县,朔州市,山阴县,古墓葬,第三批,236,1988,可选
35,司马光墓,北宋,北宋,960,山西省夏县,运城市,夏县,古墓葬,第三批,246,1988,可选
36,许家窑－侯家窑遗址,旧石器时代,旧石器时代,-10000,山西省阳高县,大同市,阳高县,古遗址,第四批,2,1996,可选
37,西阴村遗址,新石器时代,新石器时代,-5000,山西省夏县,运城市,夏县,古遗址,第四批,5,1996,可选
38,旌介遗址,商,商,-1600,山西省灵石县,晋中市,灵石县,古遗址,第四批,24,1996,可选
39,曲村－天马遗址,周,周,-1046,山西省曲沃县,临汾市,曲沃县,古遗址,第四批,26,1996,可选
40,龙门寺,五代至清,五代,907,山西省平顺县,长治市,平顺县,古建筑,第四批,92,1996,必去
41,晋城二仙庙,宋,宋,960,山西省晋城市,晋城市,,古建筑,第四批,97,1996,小众
42,崇庆寺,宋,宋,960,山西省长子县,长治市,长子县,古建筑,第四批,98,1996,推荐
43,关王庙,宋,宋,960,山西省阳泉市,阳泉市,,古建筑,第四批,99,1996,小众
44,则天庙,金,金,1115,山西省文水县,吕梁市,文水县,古建筑,第四批,100,1996,小众
45,南、北吉祥寺,宋至清,宋,960,山西省陵川县,晋城市,陵川县,古建筑,第四批,101,1996,小众
46,姬氏民居,元,元,1271,山西省高平市,晋城市,高平市,古建筑,第四批,115,1996,推荐
47,牛王庙戏台,元,元,1271,山西省临汾市,临汾市,,古建筑,第四批,116,1996,小众
48,绛州大堂,元,元,1271,山西省新绛县,运城市,新绛县,古建筑,第四批,117,1996,小众
49,榆次城隍庙,元至清,元,1271,山西省榆次市,晋中市,榆次市,古建筑,第四批,118,1996,小众
50,霍州州署大堂,元,元,1271,山西省霍州市,临汾市,霍州市,古建筑,第四批,119,1996,小众
51,千佛庵,明,明,1368,山西省隰县,临汾市,隰县,古建筑,第四批,134,1996,小众
52,万荣后土庙,清,清,1644,山西省万荣县,运城市,万荣县,古建筑,第四批,167,1996,小众
53,袄神楼,清,清,1644,山西省介休市,晋中市,介休市,古建筑,第四批,168,1996,小众
54,龙山石窟,元,元,1271,山西省太原市,太原市,,石窟寺及石刻,第四批,192,1996,小众
55,晋绥边区政府及军区司令部旧址,1939年,近现代,1939,山西省兴县,吕梁市,兴县,近现代/革命史迹,第四批,241,1996,可选
56,八路军前方总部旧址,1941-1943年,近现代,1941,山西省左权县,晋中市,左权县,近现代/革命史迹,第四批,243,1996,可选
57,柿子滩遗址,旧石器时代,旧石器时代,-10000,山西省吉县,临汾市,吉县,古遗址,第五批,8,2001,可选
58,东下冯遗址,新石器时代至商,新石器时代,-5000,山西省夏县,运城市,夏县,古遗址,第五批,9,2001,可选
59,晋阳古城遗址,春秋至五代,春秋,-770,山西省太原市,太原市,,古遗址,第五批,10,2001,可选
60,蒲津渡与蒲州故城遗址,唐至明,唐,618,山西省永济市,运城市,永济市,古遗址,第五批,11,2001,可选
61,曲回寺石像冢,唐,唐,618,山西省灵丘县,大同市,灵丘县,古遗址,第五批,12,2001,可选
62,马茂庄墓群,东汉,东汉,25,山西省离石市,吕梁市,离石市,古墓葬,第五批,151,2001,可选
63,方山永固陵,北魏,北魏,386,山西省大同市,大同市,,古墓葬,第五批,152,2001,可选
64,马村砖雕墓,宋、金,宋,960,山西省稷山县,运城市,稷山县,古墓葬,第五批,153,2001,可选
65,万荣稷王庙,金,金,1115,山西省万荣县,运城市,万荣县,古建筑,第五批,224,2001,小众
66,大同九龙壁,明,明,1368,山西省大同市,大同市,,古建筑,第五批,225,2001,小众
67,广济寺大雄宝殿,元,元,1271,山西省五台县,忻州市,五台县,古建筑,第五批,226,2001,小众
68,介休后土庙,明、清,明,1368,山西省介休市,晋中市,介休市,古建筑,第五批,227,2001,小众
69,正觉寺,金至明,金,1115,山西省长治县,长治市,长治县,古建筑,第五批,228,2001,小众
70,龙岩寺,金、明,金,1115,山西省陵川县,晋城市,陵川县,古建筑,第五批,229,2001,小众
71,荆庄大云寺大雄宝殿,金,金,1115,山西省浑源县,大同市,浑源县,古建筑,第五批,230,2001,小众
72,窦大夫祠,元至清,元,1271,山西省太原市,太原市,,古建筑,第五批,231,2001,小众
73,观音堂,明,明,1368,山西省长治市,长治市,,古建筑,第五批,232,2001,小众
74,潞安府城隍庙,元至清,元,1271,山西省长治市,长治市,,古建筑,第五批,233,2001,小众
75,阿育王塔,元,元,1271,山西省代县,忻州市,代县,古建筑,第五批,234,2001,小众
76,边靖楼,明,明,1368,山西省代县,忻州市,代县,古建筑,第五批,235,2001,小众
77,淳化寺,金,金,1115,山西省平顺县,长治市,平顺县,古建筑,第五批,236,2001,小众
78,明惠大师塔,五代,五代,907,山西省平顺县,长治市,平顺县,古建筑,第五批,237,2001,推荐
79,九天圣母庙,北宋至清,北宋,960,山西省平顺县,长治市,平顺县,古建筑,第五批,238,2001,推荐
80,慈相寺,北宋至清,北宋,960,山西省平遥县,晋中市,平遥县,古建筑,第五批,239,2001,推荐
81,平遥文庙,金至清,金,1115,山西省平遥县,晋中市,平遥县,古建筑,第五批,240,2001,推荐
82,兴东垣东岳庙,金至清,金,1115,山西省石楼县,吕梁市,石楼县,古建筑,第五批,241,2001,小众
83,大悲院,宋、金,宋,960,山西省曲沃县,临汾市,曲沃县,古建筑,第五批,242,2001,小众
84,太符观,金至清,金,1115,山西省汾阳市,吕梁市,汾阳市,古建筑,第五批,243,2001,小众
85,沁县大云院,宋至清,宋,960,山西省沁县,长治市,沁县,古建筑,第五批,244,2001,必去
86,觉山寺塔,辽,辽,916,山西省灵丘县,大同市,灵丘县,古建筑,第五批,245,2001,推荐
87,资寿寺,明,明,1368,山西省灵石县,晋中市,灵石县,古建筑,第五批,246,2001,小众
88,清凉寺,元,元,1271,山西省芮城县,运城市,芮城县,古建筑,第五批,247,2001,小众
89,广仁王庙,唐,唐,618,山西省芮城县,运城市,芮城县,古建筑,第五批,248,2001,必去
90,芮城城隍庙,北宋至清,北宋,960,山西省芮城县,运城市,芮城县,古建筑,第五批,249,2001,推荐
91,泛舟禅师塔,唐,唐,618,山西省运城市,运城市,,古建筑,第五批,250,2001,推荐
92,洪福寺,金,金,1115,山西省定襄县,忻州市,定襄县,古建筑,第五批,251,2001,小众
93,洪济院,金至清,金,1115,山西省武乡县,长治市,武乡县,古建筑,第五批,252,2001,小众
94,武乡县大云寺,宋至清,宋,960,山西省武乡县,长治市,武乡县,古建筑,第五批,253,2001,小众
95,会仙观,金至清,金,1115,山西省武乡县,长治市,武乡县,古建筑,第五批,254,2001,小众
96,大王庙,金至明,金,1115,山西省盂县,阳泉市,盂县,古建筑,第五批,255,2001,小众
97,临晋县衙,元至近代,元,1271,山西省临猗县,运城市,临猗县,古建筑,第五批,256,2001,小众
98,香严寺,金至明,金,1115,山西省柳林县,吕梁市,柳林县,古建筑,第五批,257,2001,小众
99,洪洞玉皇庙,元,元,1271,山西省洪洞县,临汾市,洪洞县,古建筑,第五批,258,2001,推荐
100,浑源永安寺,元,元,1271,山西省浑源县,大同市,浑源县,古建筑,第五批,259,2001,小众
101,太阴寺,金,金,1115,山西省绛县,运城市,绛县,古建筑,第五批,260,2001,小众
102,三峻庙,金至清,金,1115,山西省壶关县,长治市,壶关县,古建筑,第五批,261,2001,小众
103,乔家大院,清,清,1644,山西省祁县,晋中市,祁县,古建筑,第五批,262,2001,推荐
104,泽州岱庙,宋至明,宋,960,山西省泽州县,晋城市,泽州县,古建筑,第五批,263,2001,小众
105,安国寺,明,明,1368,山西省离石市,吕梁市,离石市,古建筑,第五批,264,2001,小众
106,小会岭二仙庙,北宋至清,北宋,960,山西省陵川县,晋城市,陵川县,古建筑,第五批,265,2001,推荐
107,崔府君庙,金至清,金,1115,山西省陵川县,晋城市,陵川县,古建筑,第五批,266,2001,小众
108,西溪二仙庙,金至清,金,1115,山西省陵川县,晋城市,陵川县,古建筑,第五批,267,2001,小众
109,崇明寺,北宋至明,北宋,960,山西省高平市,晋城市,高平市,古建筑,第五批,268,2001,推荐
110,开化寺,北宋至清,北宋,960,山西省高平市,晋城市,高平市,古建筑,第五批,269,2001,推荐
111,游仙寺,北宋至清,北宋,960,山西省高平市,晋城市,高平市,古建筑,第五批,270,2001,推荐
112,定林寺,元至清,元,1271,山西省高平市,晋城市,高平市,古建筑,第五批,271,2001,小众
113,福胜寺,元、明,元,1271,山西省新绛县,运城市,新绛县,古建筑,第五批,272,2001,小众
114,稷益庙,明,明,1368,山西省新绛县,运城市,新绛县,古建筑,第五批,273,2001,小众
115,柏山东岳庙,元至清,元,1271,山西省蒲县,临汾市,蒲县,古建筑,第五批,274,2001,小众
116,青龙寺,元,元,1271,山西省稷山县,运城市,稷山县,古建筑,第五批,275,2001,小众
117,原起寺,宋,宋,960,山西省潞城市,长治市,潞城市,古建筑,第五批,276,2001,小众
118,长城（雁门关段等）,春秋至明,春秋,-770,山西省代县等,忻州市,代县等,古建筑,第五批,442,2001,小众
119,天龙山石窟,东魏至唐,唐,618,山西省太原市,太原市,,石窟寺及石刻,第五批,445,2001,必去
120,塔水河遗址,旧石器时代,旧石器时代,-10000,山西省陵川县,晋城市,陵川县,古遗址,第六批,21,2006,可选
121,上郭城址和邱家庄墓群,周至汉,周,-1046,山西省闻喜县,运城市,闻喜县,古遗址,第六批,22,2006,可选
122,南村城址,战国至晋,战国,-475,山西省方山县,吕梁市,方山县,古遗址,第六批,23,2006,可选
123,黄河栈道遗址,汉至清,汉,-206,山西省平陆县,运城市,平陆县,古遗址,第六批,24,2006,可选
124,霍州窑址,宋至元,宋,960,山西省霍州市,临汾市,霍州市,古遗址,第六批,25,2006,可选
125,洪山窑址,宋至清,宋,960,山西省介休市,晋中市,介休市,古遗址,第六批,26,2006,可选
126,崔家河墓群,周,周,-1046,山西省夏县,运城市,夏县,古墓葬,第六批,230,2006,可选
127,沙梁坡墓群,汉,汉,-206,山西省天镇县,大同市,天镇县,古墓葬,第六批,231,2006,可选
128,古城堡墓群,汉,汉,-206,山西省阳高县,大同市,阳高县,古墓葬,第六批,232,2006,可选
129,王家峰墓群,南北朝,南北朝,420,山西省太原市,太原市,,古墓葬,第六批,233,2006,可选
130,什贴墓群,南北朝,南北朝,420,山西省晋中市,晋中市,,古墓葬,第六批,234,2006,可选
131,栗毓美墓,清,清,1644,山西省浑源县,大同市,浑源县,古墓葬,第六批,235,2006,可选
132,老君洞,唐至明,唐,618,山西省浮山县,临汾市,浮山县,古建筑,第六批,355,2006,推荐
133,卦山天宁寺,唐至清,唐,618,山西省交城县,吕梁市,交城县,古建筑,第六批,356,2006,推荐
134,下交汤帝庙,宋至清,宋,960,山西省阳城县,晋城市,阳城县,古建筑,第六批,357,2006,小众
135,普光寺,宋至清,宋,960,山西省寿阳县,晋中市,寿阳县,古建筑,第六批,358,2006,小众
136,金洞寺,宋至清,宋,960,山西省忻州市,忻州市,,古建筑,第六批,359,2006,小众
137,安禅寺,宋至明,宋,960,山西省太谷县,晋中市,太谷县,古建筑,第六批,360,2006,小众
138,无边寺,宋至清,宋,960,山西省太谷县,晋中市,太谷县,古建筑,第六批,361,2006,小众
139,狐突庙,宋至清,宋,960,山西省清徐县,太原市,清徐县,古建筑,第六批,362,2006,小众
140,北义城玉皇庙,宋至清,宋,960,山西省泽州县,晋城市,泽州县,古建筑,第六批,363,2006,推荐
141,周村东岳庙,宋至清,宋,960,山西省泽州县,晋城市,泽州县,古建筑,第六批,364,2006,小众
142,张壁古堡,宋至清,宋,960,山西省介休市,晋中市,介休市,古建筑,第六批,365,2006,推荐
143,佛头寺,宋,宋,960,山西省平顺县,长治市,平顺县,古建筑,第六批,366,2006,小众
144,兴梵寺,宋,宋,960,山西省祁县,晋中市,祁县,古建筑,第六批,367,2006,小众
145,定襄关王庙,宋,宋,960,山西省定襄县,忻州市,定襄县,古建筑,第六批,368,2006,小众
146,妙道寺双塔,宋,宋,960,山西省临猗县,运城市,临猗县,古建筑,第六批,369,2006,小众
147,禅房寺塔,辽,辽,916,山西省大同市,大同市,,古建筑,第六批,370,2006,推荐
148,开福寺,金至明,金,1115,山西省阳城县,晋城市,阳城县,古建筑,第六批,371,2006,小众
149,白台寺,金至清,金,1115,山西省新绛县,运城市,新绛县,古建筑,第六批,372,2006,小众
150,灵泽王庙,金至清,金,1115,山西省襄垣县,长治市,襄垣县,古建筑,第六批,373,2006,小众
151,西李门二仙庙,金至清,金,1115,山西省高平市,晋城市,高平市,古建筑,第六批,374,2006,小众
152,润城东岳庙,金至清,金,1115,山西省阳城县,晋城市,阳城县,古建筑,第六批,375,2006,小众
153,玉泉东岳庙,金至清,金,1115,山西省陵川县,晋城市,陵川县,古建筑,第六批,376,2006,小众
154,石掌玉皇庙,金至清,金,1115,山西省陵川县,晋城市,陵川县,古建筑,第六批,377,2006,推荐
155,东邑龙王庙,金至清,金,1115,山西省潞城市,长治市,潞城市,古建筑,第六批,378,2006,小众
156,乡宁寿圣寺,金至明,金,1115,山西省乡宁县,临汾市,乡宁县,古建筑,第六批,379,2006,小众
157,净因寺,金至明,金,1115,山西省太原市,太原市,,古建筑,第六批,380,2006,小众
158,延庆寺,金至清,金,1115,山西省五台县,忻州市,五台县,古建筑,第六批,381,2006,小众
159,中坪二仙宫,金至清,金,1115,山西省高平市,晋城市,高平市,古建筑,第六批,382,2006,小众
160,三圣寺,金至清,金,1115,山西省繁峙县,忻州市,繁峙县,古建筑,第六批,383,2006,小众
161,汾城古建筑群,金至清,金,1115,山西省襄汾县,临汾市,襄汾县,古建筑,第六批,384,2006,小众
162,福祥寺,金至清,金,1115,山西省榆社县,晋中市,榆社县,古建筑,第六批,385,2006,小众
163,白玉宫,金至清,金,1115,山西省陵川县,晋城市,陵川县,古建筑,第六批,386,2006,小众
164,二郞庙,金至清,金,1115,山西省高平市,晋城市,高平市,古建筑,第六批,387,2006,小众
165,真圣寺,金至清,金,1115,山西省太谷县,晋中市,太谷县,古建筑,第六批,388,2006,小众
166,清源文庙,金至清,金,1115,山西省清徐县,太原市,清徐县,古建筑,第六批,389,2006,小众
167,南神头二仙庙,金至清,金,1115,山西省陵川县,晋城市,陵川县,古建筑,第六批,390,2006,小众
168,寺润三教堂,金,金,1115,山西省陵川县,晋城市,陵川县,古建筑,第六批,391,2006,小众
169,三圣瑞现塔,金,金,1115,山西省陵川县,晋城市,陵川县,古建筑,第六批,392,2006,小众
170,回龙寺,金,金,1115,山西省平顺县,长治市,平顺县,古建筑,第六批,393,2006,小众
171,普照寺大殿,金,金,1115,山西省沁县,长治市,沁县,古建筑,第六批,394,2006,小众
172,昭泽王庙,金,金,1115,山西省襄垣县,长治市,襄垣县,古建筑,第六批,395,2006,小众
173,天王寺,金,金,1115,山西省长子县,长治市,长子县,古建筑,第六批,396,2006,小众
174,不二寺,金,金,1115,山西省阳曲县,太原市,阳曲县,古建筑,第六批,397,2006,小众
175,净土寺,金,金,1115,山西省应县,朔州市,应县,古建筑,第六批,398,2006,小众
176,义居寺,元至清,元,1271,山西省临县,吕梁市,临县,古建筑,第六批,399,2006,小众
177,舜帝陵庙,元至清,元,1271,山西省运城市,运城市,,古建筑,第六批,400,2006,小众
178,崇圣寺,元至清,元,1271,山西省榆社县,晋中市,榆社县,古建筑,第六批,401,2006,小众
179,崇安寺,元至清,元,1271,山西省陵川县,晋城市,陵川县,古建筑,第六批,402,2006,小众
180,东羊后土庙,元至清,元,1271,山西省临汾市,临汾市,,古建筑,第六批,403,2006,小众
181,府君庙,元至清,元,1271,山西省盂县,阳泉市,盂县,古建筑,第六批,404,2006,小众
182,坡头泰山庙,元至清,元,1271,山西省盂县,阳泉市,盂县,古建筑,第六批,405,2006,小众
183,懿济圣母庙,元至清,元,1271,山西省和顺县,晋中市,和顺县,古建筑,第六批,406,2006,小众
184,清虚观,元至清,元,1271,山西省平遥县,晋中市,平遥县,古建筑,第六批,407,2006,小众
185,汾阳五岳庙,元至清,元,1271,山西省汾阳市,吕梁市,汾阳市,古建筑,第六批,408,2006,小众
186,清梦观,元至清,元,1271,山西省高平市,晋城市,高平市,古建筑,第六批,409,2006,小众
187,大阳汤帝庙,元至清,元,1271,山西省泽州县,晋城市,泽州县,古建筑,第六批,410,2006,小众
188,霍州观音庙,元至清,元,1271,山西省霍州市,临汾市,霍州市,古建筑,第六批,411,2006,小众
189,回銮寺,元至清,元,1271,山西省介休市,晋中市,介休市,古建筑,第六批,412,2006,小众
190,夏禹神祠,元至清,元,1271,山西省平顺县,长治市,平顺县,古建筑,第六批,413,2006,小众
191,金庄文庙,元至清,元,1271,山西省平遥县,晋中市,平遥县,古建筑,第六批,414,2006,小众
192,乔沟头玉皇庙,元至清,元,1271,山西省新绛县,运城市,新绛县,古建筑,第六批,415,2006,推荐
193,长治玉皇观,元至清,元,1271,山西省长治县,长治市,长治县,古建筑,第六批,416,2006,小众
194,四圣宫,元至清,元,1271,山西省翼城县,临汾市,翼城县,古建筑,第六批,417,2006,小众
195,真泽二仙宫,元至清,元,1271,山西省壶关县,长治市,壶关县,古建筑,第六批,418,2006,小众
196,普净寺,元至清,元,1271,山西省襄汾县,临汾市,襄汾县,古建筑,第六批,419,2006,小众
197,晋祠庙,元至清,元,1271,山西省灵石县,晋中市,灵石县,古建筑,第六批,420,2006,必去
198,后稷庙,元至明,元,1271,山西省闻喜县,运城市,闻喜县,古建筑,第六批,421,2006,小众
199,宝峰寺,元至明,元,1271,山西省屯留县,长治市,屯留县,古建筑,第六批,422,2006,小众
200,福田寺,元至明,元,1271,山西省寿阳县,晋中市,寿阳县,古建筑,第六批,423,2006,小众
201,王曲东岳庙,元至民国,元,1271,山西省临汾市,临汾市,,古建筑,第六批,424,2006,小众
202,龙香关帝庙,元至民国,元,1271,山西省新绛县,运城市,新绛县,古建筑,第六批,425,2006,小众
203,介休东岳庙,元至清,元,1271,山西省介休市,晋中市,介休市,古建筑,第六批,426,2006,小众
204,新绛龙兴寺,元至清,元,1271,山西省新绛县,运城市,新绛县,古建筑,第六批,427,2006,小众
205,襄垣文庙,元至清,元,1271,山西省襄垣县,长治市,襄垣县,古建筑,第六批,428,2006,小众
206,光化寺,元至清,元,1271,山西省太谷县,晋中市,太谷县,古建筑,第六批,429,2006,小众
207,稷山稷王庙,元至清,元,1271,山西省稷山县,运城市,稷山县,古建筑,第六批,430,2006,小众
208,南撖东岳庙,元至清,元,1271,山西省翼城县,临汾市,翼城县,古建筑,第六批,431,2006,小众
209,古中庙,元至清,元,1271,山西省高平市,晋城市,高平市,古建筑,第六批,432,2006,小众
210,景云宫玉皇殿,元,元,1271,山西省绛县,运城市,绛县,古建筑,第六批,433,2006,小众
211,大洋泰山庙,元,元,1271,山西省夏县,运城市,夏县,古建筑,第六批,434,2006,小众
212,二郎庙北殿,元,元,1271,山西省垣曲县,运城市,垣曲县,古建筑,第六批,435,2006,小众
213,埝堆玉皇庙,元,元,1271,山西省垣曲县,运城市,垣曲县,古建筑,第六批,436,2006,推荐
214,昔阳崇教寺,元,元,1271,山西省昔阳县,晋中市,昔阳县,古建筑,第六批,437,2006,小众
215,左权文庙大成殿,元,元,1271,山西省左权县,晋中市,左权县,古建筑,第六批,438,2006,小众
216,寨里关帝庙献殿,元,元,1271,山西省运城市,运城市,,古建筑,第六批,439,2006,小众
217,郭村泰山庙大殿,元,元,1271,山西省运城市,运城市,,古建筑,第六批,440,2006,小众
218,利应侯庙,元,元,1271,山西省平遥县,晋中市,平遥县,古建筑,第六批,441,2006,小众
219,灵石后土庙,元,元,1271,山西省灵石县,晋中市,灵石县,古建筑,第六批,442,2006,小众
220,三官庙,元,元,1271,山西省新绛县,运城市,新绛县,古建筑,第六批,443,2006,小众
221,古垛后土庙,元,元,1271,山西省河津市,运城市,河津市,古建筑,第六批,444,2006,小众
222,乔泽庙戏台,元,元,1271,山西省翼城县,临汾市,翼城县,古建筑,第六批,445,2006,小众
223,善庆寺,元,元,1271,山西省临县,吕梁市,临县,古建筑,第六批,446,2006,小众
224,碛口古建筑群,明至清,明,1368,山西省临县,吕梁市,临县,古建筑,第六批,447,2006,推荐
225,海会寺,明至清,明,1368,山西省阳城县,晋城市,阳城县,古建筑,第六批,448,2006,小众
226,尧陵,明至清,明,1368,山西省临汾市,临汾市,,古建筑,第六批,449,2006,小众
227,水神堂,明至清,明,1368,山西省广灵县,大同市,广灵县,古建筑,第六批,450,2006,小众
228,柳氏民居,明至清,明,1368,山西省沁水县,晋城市,沁水县,古建筑,第六批,451,2006,推荐
229,湘峪古堡,明至清,明,1368,山西省沁水县,晋城市,沁水县,古建筑,第六批,452,2006,推荐
230,郭壁村古建筑群,明至清,明,1368,山西省沁水县,晋城市,沁水县,古建筑,第六批,453,2006,小众
231,窦庄古建筑群,明至清,明,1368,山西省沁水县,晋城市,沁水县,古建筑,第六批,454,2006,小众
232,平遥清凉寺,明至清,明,1368,山西省平遥县,晋中市,平遥县,古建筑,第六批,455,2006,小众
233,文峰塔,明至清,明,1368,山西省汾阳市,吕梁市,汾阳市,古建筑,第六批,456,2006,小众
234,代县文庙,明至清,明,1368,山西省代县,忻州市,代县,古建筑,第六批,457,2006,小众
235,公主寺,明至清,明,1368,山西省繁峙县,忻州市,繁峙县,古建筑,第六批,458,2006,小众
236,王家大院,明至清,明,1368,山西省灵石县,晋中市,灵石县,古建筑,第六批,459,2006,推荐
237,郭峪村古建筑群,明至清,明,1368,山西省阳城县,晋城市,阳城县,古建筑,第六批,460,2006,小众
238,孟家沟龙泉寺,明至清,明,1368,山西省寿阳县,晋中市,寿阳县,古建筑,第六批,461,2006,小众
239,天贞观,明至清,明,1368,山西省吕梁市,吕梁市,,古建筑,第六批,462,2006,小众
240,曹家大院,明至清,明,1368,山西省太谷县,晋中市,太谷县,古建筑,第六批,463,2006,小众
241,净信寺,明至清,明,1368,山西省太谷县,晋中市,太谷县,古建筑,第六批,464,2006,小众
242,明秀寺,明至清,明,1368,山西省太原市,太原市,,古建筑,第六批,465,2006,小众
243,多福寺,明至清,明,1368,山西省太原市,太原市,,古建筑,第六批,466,2006,小众
244,永祚寺,明至清,明,1368,山西省太原市,太原市,,古建筑,第六批,467,2006,小众
245,万泉文庙,明,明,1368,山西省万荣县,运城市,万荣县,古建筑,第六批,468,2006,小众
246,董封戏台,明,明,1368,山西省绛县,运城市,绛县,古建筑,第六批,469,2006,小众
247,云林寺,明,明,1368,山西省阳高县,大同市,阳高县,古建筑,第六批,470,2006,小众
248,砥洎城,明,明,1368,山西省阳城县,晋城市,阳城县,古建筑,第六批,471,2006,小众
249,慈云寺,明,明,1368,山西省天镇县,大同市,天镇县,古建筑,第六批,472,2006,小众
250,广武城,明,明,1368,山西省山阴县,朔州市,山阴县,古建筑,第六批,473,2006,小众
251,潞安府衙,明,明,1368,山西省长治市,长治市,,古建筑,第六批,474,2006,小众
252,渠家大院,清,清,1644,山西省祁县,晋中市,祁县,古建筑,第六批,475,2006,小众
253,杏花村汾酒作坊,清,清,1644,山西省汾阳市,吕梁市,汾阳市,古建筑,第六批,476,2006,小众
254,秘密寺,清,清,1644,山西省繁峙县,忻州市,繁峙县,古建筑,第六批,477,2006,小众
255,铁佛寺,清,清,1644,山西省临汾市,临汾市,,古建筑,第六批,478,2006,小众
256,常平关帝庙,清,清,1644,山西省运城市,运城市,,古建筑,第六批,479,2006,小众
257,中阳楼,清,清,1644,山西省孝义市,吕梁市,孝义市,古建筑,第六批,480,2006,小众
258,师家沟古建筑群,清,清,1644,山西省汾西县,临汾市,汾西县,古建筑,第六批,481,2006,小众
259,娲皇庙,清,清,1644,山西省霍州市,临汾市,霍州市,古建筑,第六批,482,2006,小众
260,平遥城隍庙,清,清,1644,山西省平遥县,晋中市,平遥县,古建筑,第六批,483,2006,小众
261,日昇昌旧址,清,清,1644,山西省平遥县,晋中市,平遥县,古建筑,第六批,484,2006,小众
262,太和岩牌楼,清,清,1644,山西省介休市,晋中市,介休市,古建筑,第六批,485,2006,小众
263,介休五岳庙,清,清,1644,山西省介休市,晋中市,介休市,古建筑,第六批,486,2006,小众
264,羊头山石窟,南北朝至唐,南北朝,420,山西省高平市,晋城市,高平市,石窟寺及石刻,第六批,815,2006,小众
265,碧落寺,南北朝至民国,南北朝,420,山西省泽州县,晋城市,泽州县,石窟寺及石刻,第六批,816,2006,小众
266,金灯寺石窟,明,明,1368,山西省平顺县,长治市,平顺县,石窟寺及石刻,第六批,817,2006,小众
267,徐向前故居,清,清,1644,山西省五台县,忻州市,五台县,近现代/革命史迹,第六批,904,2006,可选
268,大同煤矿万人坑,1937年,近现代,1937,山西省大同市,大同市,,近现代/革命史迹,第六批,905,2006,可选
269,西河头地道战遗址,1942年,近现代,1942,山西省定襄县,忻州市,定襄县,近现代/革命史迹,第六批,906,2006,可选
270,山西省立第三中学旧址,民国,民国,1912,山西省大同市,大同市,,近现代/革命史迹,第六批,907,2006,可选
271,黄崖洞兵工厂旧址,1941年,近现代,1941,山西省黎城县,长治市,黎城县,近现代/革命史迹,第六批,908,2006,可选
272,五台山古建筑群,明至清,明,1368,山西省五台县,忻州市,五台县,古建筑,第六批,,2006,推荐
273,古交遗址,旧石器时代,旧石器时代,-10000,山西省太原市古交市,太原市,古交市,古遗址,第七批,35,2013,可选
274,匼河遗址,旧石器时代,旧石器时代,-10000,山西省运城市芮城县,运城市,芮城县,古遗址,第七批,36,2013,可选
275,梁村遗址,新石器时代,新石器时代,-5000,山西省晋中市祁县,晋中市,祁县,古遗址,第七批,37,2013,可选
276,坡头遗址,新石器时代,新石器时代,-5000,山西省运城市芮城县,运城市,芮城县,古遗址,第七批,38,2013,可选
277,金胜庄遗址,新石器时代,新石器时代,-5000,山西省运城市芮城县,运城市,芮城县,古遗址,第七批,39,2013,可选
278,东庄遗址,新石器时代,新石器时代,-5000,山西省运城市芮城县,运城市,芮城县,古遗址,第七批,40,2013,可选
279,西王村遗址,新石器时代,新石器时代,-5000,山西省运城市芮城县,运城市,芮城县,古遗址,第七批,41,2013,可选
280,周家庄遗址,新石器时代,新石器时代,-5000,山西省运城市绛县,运城市,绛县,古遗址,第七批,42,2013,可选
281,古魏城遗址,周,周,-1046,山西省运城市芮城县,运城市,芮城县,古遗址,第七批,43,2013,可选
282,下阳城遗址,周,周,-1046,山西省运城市平陆县,运城市,平陆县,古遗址,第七批,44,2013,可选
283,虞国古城遗址,周,周,-1046,山西省运城市平陆县,运城市,平陆县,古遗址,第七批,45,2013,可选
284,虞坂古盐道,西周、明,西周,-1046,山西省运城市平陆县,运城市,平陆县,古遗址,第七批,46,2013,可选
285,程村遗址,东周,东周,-770,山西省运城市临猗县,运城市,临猗县,古遗址,第七批,47,2013,可选
286,娄烦古城遗址,东周,东周,-770,山西省太原市娄烦县,太原市,娄烦县,古遗址,第七批,48,2013,可选
287,猗氏故城,西汉,西汉,-206,山西省运城市临猗县,运城市,临猗县,古遗址,第七批,49,2013,可选
288,玉壁城遗址,北朝,北朝,420,山西省运城市稷山县,运城市,稷山县,古遗址,第七批,50,2013,可选
289,冯古庄墓地,西周,西周,-1046,山西省运城市新绛县,运城市,新绛县,古墓葬,第七批,524,2013,可选
290,山王墓地,西周,西周,-1046,山西省运城市河津市,运城市,河津市,古墓葬,第七批,525,2013,可选
291,横北倗国墓地,西周,西周,-1046,山西省运城市绛县,运城市,绛县,古墓葬,第七批,526,2013,可选
292,西周黎侯墓群,西周至春秋,西周,-1046,山西省长治市黎城县,长治市,黎城县,古墓葬,第七批,527,2013,可选
293,羊舌墓地,西周至春秋,西周,-1046,山西省临汾市曲沃县,临汾市,曲沃县,古墓葬,第七批,528,2013,可选
294,薛嵩墓,唐,唐,618,山西省运城市夏县,运城市,夏县,古墓葬,第七批,529,2013,可选
295,东龙观墓群,宋、金、元,宋,960,山西省吕梁市汾阳市,吕梁市,汾阳市,古墓葬,第七批,530,2013,可选
296,郎寨砖塔,唐,唐,618,山西省临汾市安泽县,临汾市,安泽县,古建筑,第七批,766,2013,推荐
297,先师和尚舍利塔,唐,唐,618,山西省长治市屯留县,长治市,屯留县,古建筑,第七批,767,2013,推荐
298,小张碧云寺大殿,宋,宋,960,山西省长治市长子县,长治市,长子县,古建筑,第七批,768,2013,小众
299,北阳城砖塔,宋,宋,960,山西省运城市稷山县,运城市,稷山县,古建筑,第七批,769,2013,小众
300,巷口寿圣寺砖塔,宋,宋,960,山西省运城市芮城县,运城市,芮城县,古建筑,第七批,770,2013,小众
301,闾原头永兴寺塔,宋,宋,960,山西省运城市临猗县,运城市,临猗县,古建筑,第七批,771,2013,小众
302,张村圣庵寺塔,宋,宋,960,山西省运城市临猗县,运城市,临猗县,古建筑,第七批,772,2013,小众
303,万荣稷王山塔,宋,宋,960,山西省运城市万荣县,运城市,万荣县,古建筑,第七批,773,2013,小众
304,中里庄八龙寺塔,宋,宋,960,山西省运城市万荣县,运城市,万荣县,古建筑,第七批,774,2013,小众
305,万荣旱泉塔,宋,宋,960,山西省运城市万荣县,运城市,万荣县,古建筑,第七批,775,2013,小众
306,南阳村寿圣寺塔,宋,宋,960,山西省运城市万荣县,运城市,万荣县,古建筑,第七批,776,2013,小众
307,运城太平兴国寺塔,宋,宋,960,山西省运城市盐湖区,运城市,盐湖区,古建筑,第七批,777,2013,小众
308,河底成汤庙,宋至清,宋,960,山西省晋城市泽州县,晋城市,泽州县,古建筑,第七批,778,2013,小众
309,布村玉皇庙,宋至清,宋,960,山西省长治市长子县,长治市,长子县,古建筑,第七批,779,2013,推荐
310,高都景德寺,宋至清,宋,960,山西省晋城市泽州县,晋城市,泽州县,古建筑,第七批,780,2013,小众
311,大周村古寺庙建筑群,宋至清,宋,960,山西省晋城市高平市,晋城市,高平市,古建筑,第七批,781,2013,小众
312,上贤梵安寺塔,宋、明,宋,960,山西省吕梁市文水县,吕梁市,文水县,古建筑,第七批,782,2013,小众
313,冠山天宁寺双塔,宋、明至清,宋,960,山西省阳泉市平定县,阳泉市,平定县,古建筑,第七批,783,2013,小众
314,韩坊尧王庙大殿,金,金,1115,山西省长治市长子县,长治市,长子县,古建筑,第七批,784,2013,小众
315,长子崔府君庙大殿,金,金,1115,山西省长治市长子县,长治市,长子县,古建筑,第七批,785,2013,小众
316,麻衣寺砖塔,金,金,1115,山西省临汾市安泽县,临汾市,安泽县,古建筑,第七批,786,2013,小众
317,灵光寺琉璃塔,金,金,1115,山西省临汾市襄汾县,临汾市,襄汾县,古建筑,第七批,787,2013,小众
318,浑源圆觉寺塔,金,金,1115,山西省大同市浑源县,大同市,浑源县,古建筑,第七批,788,2013,小众
319,繁峙正觉寺大雄宝殿,金,金,1115,山西省忻州市繁峙县,忻州市,繁峙县,古建筑,第七批,789,2013,小众
320,襄垣永惠桥,金,金,1115,山西省长治市襄垣县,长治市,襄垣县,古建筑,第七批,790,2013,小众
321,高平嘉祥寺,金至清,金,1115,山西省晋城市高平市,晋城市,高平市,古建筑,第七批,791,2013,小众
322,尹西东岳庙,金至清,金,1115,山西省晋城市泽州县,晋城市,泽州县,古建筑,第七批,792,2013,小众
323,西顿济渎庙,金至清,金,1115,山西省晋城市泽州县,晋城市,泽州县,古建筑,第七批,793,2013,小众
324,李庄文庙,金至民国,金,1115,山西省长治市潞城市,长治市,潞城市,古建筑,第七批,794,2013,小众
325,义合三教堂,金至民国,金,1115,山西省长治市长子县,长治市,长子县,古建筑,第七批,795,2013,小众
326,下霍护国灵贶王庙,金、清,金,1115,山西省长治市长子县,长治市,长子县,古建筑,第七批,796,2013,小众
327,北马玉皇庙,金、清,金,1115,山西省晋城市陵川县,晋城市,陵川县,古建筑,第七批,797,2013,推荐
328,宋村永兴寺,金、清,金,1115,山西省运城市垣曲县,运城市,垣曲县,古建筑,第七批,798,2013,小众
329,三王村三嵕庙,金、清,金,1115,山西省晋城市高平市,晋城市,高平市,古建筑,第七批,799,2013,小众
330,坛岭头岱庙,金、清,金,1115,山西省晋城市泽州县,晋城市,泽州县,古建筑,第七批,800,2013,小众
331,苇则寿圣寺,元,元,1271,山西省晋中市左权县,晋中市,左权县,古建筑,第七批,801,2013,小众
332,寺坪普照寺大殿,元,元,1271,山西省晋中市左权县,晋中市,左权县,古建筑,第七批,802,2013,小众
333,帖木儿塔,元,元,1271,山西省太原市阳曲县,太原市,阳曲县,古建筑,第七批,803,2013,小众
334,前万户汤王庙,元,元,1271,山西省长治市长子县,长治市,长子县,古建筑,第七批,804,2013,小众
335,庄头天仙庙,元,元,1271,山西省长治市壶关县,长治市,壶关县,古建筑,第七批,805,2013,小众
336,东许三清庙献殿,元,元,1271,山西省临汾市曲沃县,临汾市,曲沃县,古建筑,第七批,806,2013,小众
337,襄陵文庙大成殿,元,元,1271,山西省临汾市襄汾县,临汾市,襄汾县,古建筑,第七批,807,2013,小众
338,大同关帝庙大殿,元,元,1271,山西省大同市城区,大同市,城区,古建筑,第七批,808,2013,小众
339,中漳伏羲庙,元、明,元,1271,山西省长治市长子县,长治市,长子县,古建筑,第七批,809,2013,小众
340,襄垣昭泽王庙,元、明,元,1271,山西省长治市襄垣县,长治市,襄垣县,古建筑,第七批,810,2013,小众
341,长宁大庙,元至清,元,1271,山西省长治市黎城县,长治市,黎城县,古建筑,第七批,811,2013,小众
342,南涅水洪教院,元至清,元,1271,山西省长治市沁县,长治市,沁县,古建筑,第七批,812,2013,小众
343,良户玉虚观,元至清,元,1271,山西省晋城市高平市,晋城市,高平市,古建筑,第七批,813,2013,小众
344,南庄玉皇庙,元至清,元,1271,山西省晋城市高平市,晋城市,高平市,古建筑,第七批,814,2013,推荐
345,川底佛堂,元至清,元,1271,山西省晋城市泽州县,晋城市,泽州县,古建筑,第七批,815,2013,小众
346,马厂崇教寺,元至清,元,1271,山西省长治市郊区,长治市,郊区,古建筑,第七批,816,2013,小众
347,长春观,元至清,元,1271,山西省运城市绛县,运城市,绛县,古建筑,第七批,817,2013,小众
348,南林交龙泉寺,元至清,元,1271,山西省临汾市曲沃县,临汾市,曲沃县,古建筑,第七批,818,2013,小众
349,武乡真如寺,元至清,元,1271,山西省长治市武乡县,长治市,武乡县,古建筑,第七批,819,2013,小众
350,襄垣五龙庙,元至清,元,1271,山西省长治市襄垣县,长治市,襄垣县,古建筑,第七批,820,2013,小众
351,董峰万寿宫,元至清,元,1271,山西省晋城市高平市,晋城市,高平市,古建筑,第七批,821,2013,小众
352,建南济渎庙,元至清,元,1271,山西省晋城市高平市,晋城市,高平市,古建筑,第七批,822,2013,小众
353,史村东岳庙,元至清,元,1271,山西省晋城市泽州县,晋城市,泽州县,古建筑,第七批,823,2013,小众
354,河津台头庙,元至清,元,1271,山西省运城市河津市,运城市,河津市,古建筑,第七批,824,2013,小众
355,南柳泰山庙,元至清,元,1271,山西省运城市绛县,运城市,绛县,古建筑,第七批,825,2013,小众
356,律吕神祠,元至清,元,1271,山西省大同市浑源县,大同市,浑源县,古建筑,第七批,826,2013,小众
357,南召文庙,元至清,元,1271,山西省晋城市陵川县,晋城市,陵川县,古建筑,第七批,827,2013,小众
358,水东崔府君庙,元至清,元,1271,山西省晋城市泽州县,晋城市,泽州县,古建筑,第七批,828,2013,小众
359,薛庄玉皇庙,元至清,元,1271,山西省晋城市泽州县,晋城市,泽州县,古建筑,第七批,829,2013,推荐
360,辛村天齐王庙,元、明至清,元,1271,山西省长治市黎城县,长治市,黎城县,古建筑,第七批,830,2013,小众
361,上冯圣母庙,元、明至清,元,1271,山西省运城市夏县,运城市,夏县,古建筑,第七批,831,2013,小众
362,南阳法王庙,元、明至清,元,1271,山西省运城市稷山县,运城市,稷山县,古建筑,第七批,832,2013,小众
363,洪洞关帝庙,元、明至清,元,1271,山西省临汾市洪洞县,临汾市,洪洞县,古建筑,第七批,833,2013,小众
364,柏草坡龙天土地庙,元至民国,元,1271,山西省吕梁市汾阳市,吕梁市,汾阳市,古建筑,第七批,834,2013,小众
365,孝义三皇庙,元至民国,元,1271,山西省吕梁市孝义市,吕梁市,孝义市,古建筑,第七批,835,2013,小众
366,大中汉三嵕庙,元、清,元,1271,山西省长治市长子县,长治市,长子县,古建筑,第七批,836,2013,小众
367,孝义天齐庙,元、清,元,1271,山西省吕梁市孝义市,吕梁市,孝义市,古建筑,第七批,837,2013,小众
368,北和炎帝庙,元、清,元,1271,山西省长治市长治县,长治市,长治县,古建筑,第七批,838,2013,小众
369,北社三嵕庙,元、清,元,1271,山西省长治市平顺县,长治市,平顺县,古建筑,第七批,839,2013,小众
370,北社大禹庙,元、清,元,1271,山西省长治市平顺县,长治市,平顺县,古建筑,第七批,840,2013,小众
371,北甘泉圣母庙,元、清,元,1271,山西省长治市平顺县,长治市,平顺县,古建筑,第七批,841,2013,小众
372,李庄武庙,元、清,元,1271,山西省长治市潞城市,长治市,潞城市,古建筑,第七批,842,2013,小众
373,石末宣圣庙,元、清,元,1271,山西省晋城市高平市,晋城市,高平市,古建筑,第七批,843,2013,小众
374,关村炎帝庙,元、清至民国,元,1271,山西省长治市郊区,长治市,郊区,古建筑,第七批,844,2013,小众
375,夏县文庙大成殿,明,明,1368,山西省运城市夏县,运城市,夏县,古建筑,第七批,845,2013,小众
376,永和文庙大成殿,明,明,1368,山西省临汾市永和县,临汾市,永和县,古建筑,第七批,846,2013,小众
377,泉掌关帝庙,明,明,1368,山西省运城市新绛县,运城市,新绛县,古建筑,第七批,847,2013,小众
378,阳曲大王庙大殿,明,明,1368,山西省太原市阳曲县,太原市,阳曲县,古建筑,第七批,848,2013,小众
379,隰县鼓楼,明,明,1368,山西省临汾市隰县,临汾市,隰县,古建筑,第七批,849,2013,小众
380,交城玄中寺,明至清,明,1368,山西省吕梁市交城县,吕梁市,交城县,古建筑,第七批,850,2013,小众
381,原平惠济寺,明至清,明,1368,山西省忻州市原平市,忻州市,原平市,古建筑,第七批,851,2013,小众
382,石室蓬莱宫,明至清,明,1368,山西省长治市屯留县,长治市,屯留县,古建筑,第七批,852,2013,小众
383,洪洞商山庙,明至清,明,1368,山西省临汾市洪洞县,临汾市,洪洞县,古建筑,第七批,853,2013,小众
384,绛县文庙,明至清,明,1368,山西省运城市绛县,运城市,绛县,古建筑,第七批,854,2013,小众
385,襄垣慈胜寺,明至清,明,1368,山西省晋中市平遥县,晋中市,平遥县,古建筑,第七批,855,2013,小众
386,后土圣母庙,明至清,明,1368,山西省吕梁市石楼县,吕梁市,石楼县,古建筑,第七批,856,2013,小众
387,薛瑄家庙及墓地,明至清,明,1368,山西省运城市万荣县,运城市,万荣县,古建筑,第七批,857,2013,小众
388,介休城隍庙,明至清,明,1368,山西省晋中市介休市,晋中市,介休市,古建筑,第七批,858,2013,小众
389,新村妙觉寺,明至清,明,1368,山西省晋中市太谷县,晋中市,太谷县,古建筑,第七批,859,2013,小众
390,范村圆智寺,明至清,明,1368,山西省晋中市太谷县,晋中市,太谷县,古建筑,第七批,860,2013,小众
391,太原大关帝庙,明至清,明,1368,山西省太原市迎泽区,太原市,迎泽区,古建筑,第七批,861,2013,小众
392,太原清真寺,明至清,明,1368,山西省太原市迎泽区,太原市,迎泽区,古建筑,第七批,862,2013,小众
393,太原纯阳宫,明至清,明,1368,山西省太原市迎泽区,太原市,迎泽区,古建筑,第七批,863,2013,小众
394,前斧柯悬泉寺,明至清,明,1368,山西省太原市阳曲县,太原市,阳曲县,古建筑,第七批,864,2013,小众
395,藏山祠,明至清,明,1368,山西省阳泉市盂县,阳泉市,盂县,古建筑,第七批,865,2013,小众
396,灵空山圣寿寺,明至清,明,1368,山西省长治市沁源县,长治市,沁源县,古建筑,第七批,866,2013,小众
397,西青北大禹庙,明至清,明,1368,山西省长治市平顺县,长治市,平顺县,古建筑,第七批,867,2013,小众
398,陈廷敬故居,明至清,明,1368,山西省晋城市阳城县,晋城市,阳城县,古建筑,第七批,868,2013,推荐
399,运城关王庙,明至清,明,1368,山西省运城市盐湖区,运城市,盐湖区,古建筑,第七批,869,2013,小众
400,池神庙及盐池禁墙,明至清,明,1368,山西省运城市盐湖区,运城市,盐湖区,古建筑,第七批,870,2013,小众
401,仙翁庙,明至清,明,1368,山西省晋城市高平市,晋城市,高平市,古建筑,第七批,871,2013,小众
402,干坑南神庙,明至清,明,1368,山西省晋中市平遥县,晋中市,平遥县,古建筑,第七批,872,2013,小众
403,黎城城隍庙,明至清,明,1368,山西省长治市黎城县,长治市,黎城县,古建筑,第七批,873,2013,小众
404,罗睺寺,明至清,明,1368,山西省忻州市五台县,忻州市,五台县,古建筑,第七批,874,2013,小众
405,辛庄开化寺,明至清,明,1368,山西省太原市阳曲县,太原市,阳曲县,古建筑,第七批,875,2013,推荐
406,浑源文庙,明至清,明,1368,山西省大同市浑源县,大同市,浑源县,古建筑,第七批,876,2013,小众
407,太山龙泉寺,明至清,明,1368,山西省太原市晋源区,太原市,晋源区,古建筑,第七批,877,2013,小众
408,坪上汤帝庙,明至清,明,1368,山西省晋城市泽州县,晋城市,泽州县,古建筑,第七批,878,2013,小众
409,静升文庙,明至清,明,1368,山西省晋中市灵石县,晋中市,灵石县,古建筑,第七批,879,2013,小众
410,云峰寺石佛殿,明至清,明,1368,山西省晋中市介休市,晋中市,介休市,古建筑,第七批,880,2013,小众
411,北依涧永福寺过殿,明至清,明,1368,山西省晋中市平遥县,晋中市,平遥县,古建筑,第七批,881,2013,小众
412,崇善寺大悲殿,明至清,明,1368,山西省太原市迎泽区,太原市,迎泽区,古建筑,第七批,882,2013,小众
413,唱经楼,明至清,明,1368,山西省太原市杏花岭区,太原市,杏花岭区,古建筑,第七批,883,2013,小众
414,晋源阿育王塔,明至清,明,1368,山西省太原市晋源区,太原市,晋源区,古建筑,第七批,884,2013,小众
415,晋源文庙,明至清,明,1368,山西省太原市晋源区,太原市,晋源区,古建筑,第七批,885,2013,小众
416,清徐尧庙,明至清,明,1368,山西省太原市清徐县,太原市,清徐县,古建筑,第七批,886,2013,小众
417,绛州文庙,明至清,明,1368,山西省运城市新绛县,运城市,新绛县,古建筑,第七批,887,2013,小众
418,北池稷王庙,明至清,明,1368,山西省运城市新绛县,运城市,新绛县,古建筑,第七批,888,2013,小众
419,玄帝庙,明至清,明,1368,山西省运城市河津市,运城市,河津市,古建筑,第七批,889,2013,小众
420,石四牌坊和木四牌坊,明至清,明,1368,山西省临汾市翼城县,临汾市,翼城县,古建筑,第七批,890,2013,小众
421,樊店关帝庙,明至清,明,1368,山西省临汾市翼城县,临汾市,翼城县,古建筑,第七批,891,2013,小众
422,孝义慈胜寺,明至清,明,1368,山西省吕梁市孝义市,吕梁市,孝义市,古建筑,第七批,892,2013,小众
423,净石宫,明至民国,明,1368,山西省临汾市洪洞县,临汾市,洪洞县,古建筑,第七批,893,2013,小众
424,梁家滩白云寺,明至民国,明,1368,山西省晋中市平遥县,晋中市,平遥县,古建筑,第七批,894,2013,小众
425,玉虚宫下院,清,清,1644,山西省吕梁市柳林县,吕梁市,柳林县,古建筑,第七批,895,2013,小众
426,古交千佛寺,清,清,1644,山西省太原市古交市,太原市,古交市,古建筑,第七批,896,2013,小众
427,太原文庙,清,清,1644,山西省太原市迎泽区,太原市,迎泽区,古建筑,第七批,897,2013,小众
428,平遥惠济桥,清,清,1644,山西省晋中市平遥县,晋中市,平遥县,古建筑,第七批,898,2013,小众
429,雷履泰旧居,清,清,1644,山西省晋中市平遥县,晋中市,平遥县,古建筑,第七批,899,2013,小众
430,平遥市楼,清,清,1644,山西省晋中市平遥县,晋中市,平遥县,古建筑,第七批,900,2013,小众
431,南樊石牌坊及碑亭,清,清,1644,山西省运城市绛县,运城市,绛县,古建筑,第七批,901,2013,小众
432,乔寺碑楼,清,清,1644,山西省运城市绛县,运城市,绛县,古建筑,第七批,902,2013,小众
433,郭家庄仇氏石牌坊及碑亭,清,清,1644,山西省运城市闻喜县,运城市,闻喜县,古建筑,第七批,903,2013,小众
434,府城关帝庙,清,清,1644,山西省晋城市泽州县,晋城市,泽州县,古建筑,第七批,904,2013,小众
435,冠山书院,清,清,1644,山西省阳泉市平定县,阳泉市,平定县,古建筑,第七批,905,2013,小众
436,大同观音堂,清,清,1644,山西省大同市南郊区,大同市,南郊区,古建筑,第七批,906,2013,小众
437,介休源神庙,清,清,1644,山西省晋中市介休市,晋中市,介休市,古建筑,第七批,907,2013,小众
438,南政隆福寺,清,清,1644,山西省晋中市平遥县,晋中市,平遥县,古建筑,第七批,908,2013,小众
439,闫景李家大院,清至民国,清,1644,山西省运城市万荣县,运城市,万荣县,古建筑,第七批,909,2013,小众
440,开河寺石窟,南北朝至隋,南北朝,420,山西省阳泉市平定县,阳泉市,平定县,石窟寺及石刻,第七批,1507,2013,小众
441,石马寺石窟,南北朝至唐,南北朝,420,山西省晋中市昔阳县,晋中市,昔阳县,石窟寺及石刻,第七批,1508,2013,小众
442,七里脚千佛洞石窟,南北朝至唐,南北朝,420,山西省临汾市隰县,临汾市,隰县,石窟寺及石刻,第七批,1509,2013,小众
443,南涅水石刻,南北朝至宋,南北朝,420,山西省长治市沁县,长治市,沁县,石窟寺及石刻,第七批,1510,2013,小众
444,山西铭贤学校旧址,清至民国,清,1644,山西省晋中市太谷县,晋中市,太谷县,近现代/革命史迹,第七批,1645,2013,可选
445,山西大学堂旧址,1904年,近现代,1904,山西省太原市迎泽区,太原市,迎泽区,近现代/革命史迹,第七批,1646,2013,可选
446,太原天主堂,1905年,近现代,1905,山西省太原市杏花岭区,太原市,杏花岭区,近现代/革命史迹,第七批,1647,2013,可选
447,阎家大院,民国,民国,1912,山西省忻州市定襄县,忻州市,定襄县,近现代/革命史迹,第七批,1648,2013,可选
448,中共太原支部旧址,1924年,近现代,1924,山西省太原市迎泽区,太原市,迎泽区,近现代/革命史迹,第七批,1649,2013,可选
449,孔家大院,1925年,近现代,1925,山西省晋中市太谷县,晋中市,太谷县,近现代/革命史迹,第七批,1650,2013,可选
450,南茹八路军总部旧址,1937年,近现代,1937,山西省忻州市五台县,忻州市,五台县,近现代/革命史迹,第七批,1651,2013,可选
451,太岳军区司令部旧址,1940年,近现代,1940,山西省长治市沁源县,长治市,沁源县,近现代/革命史迹,第七批,1652,2013,可选
452,大寨人民公社旧址,1966年,近现代,1966,山西省晋中市昔阳县,晋中市,昔阳县,近现代/革命史迹,第七批,1653,2013,可选
453,稷山大佛,金、元,金,1115,山西省运城市稷山县,运城市,稷山县,其他,第七批,1937,2013,小众
454,峙峪遗址,旧石器时代,旧石器时代,-10000,山西省朔州市朔城区,朔州市,朔城区,古遗址,第八批,6,2019,可选
455,碧村遗址,新石器时代,新石器时代,-5000,山西省兴县,吕梁市,兴县,古遗址,第八批,7,2019,可选
456,大河口遗址,西周至春秋,西周,-1046,山西省翼城县,临汾市,翼城县,古遗址,第八批,8,2019,可选
457,南梁古城遗址,周,周,-1046,山西省翼城县,临汾市,翼城县,古遗址,第八批,9,2019,可选
458,苇沟—北寿城遗址,周,周,-1046,山西省翼城县,临汾市,翼城县,古遗址,第八批,10,2019,可选
459,解梁故城遗址,东周,东周,-770,山西省永济市,运城市,永济市,古遗址,第八批,11,2019,可选
460,童子寺遗址,北齐至唐,北齐,550,山西省太原市晋源区,太原市,晋源区,古遗址,第八批,12,2019,可选
461,蒙山开化寺遗址,北齐,北齐,550,山西省太原市晋源区,太原市,晋源区,古遗址,第八批,13,2019,可选
462,汾阳宫遗址,隋,隋,581,山西省宁武县,忻州市,宁武县,古遗址,第八批,14,2019,可选
463,陶寺北墓地,东周,东周,-770,山西省襄汾县,临汾市,襄汾县,古墓葬,第八批,170,2019,可选
464,沙岭墓群,北魏,北魏,386,山西省大同市平城区,大同市,平城区,古墓葬,第八批,171,2019,可选
465,上党西岩寺塔,唐,唐,618,山西省长治市上党区,长治市,上党区,古建筑,第八批,206,2019,推荐
466,栖岩寺塔林,唐至清,唐,618,山西省永济市,运城市,永济市,古建筑,第八批,207,2019,推荐
467,泽州崇寿寺,北宋至清,北宋,960,山西省泽州县,晋城市,泽州县,古建筑,第八批,208,2019,推荐
468,上党长春玉皇庙,北宋至清,北宋,960,山西省长治市上党区,长治市,上党区,古建筑,第八批,209,2019,推荐
469,昔阳离相寺,宋至清,宋,960,山西省昔阳县,晋中市,昔阳县,古建筑,第八批,210,2019,小众
470,原平普济桥,金,金,1115,山西省原平市,忻州市,原平市,古建筑,第八批,211,2019,小众
471,平定马齿岩寺,金至清,金,1115,山西省平定县,阳泉市,平定县,古建筑,第八批,212,2019,小众
472,新绛寿圣寺大殿,元,元,1271,山西省新绛县,运城市,新绛县,古建筑,第八批,213,2019,小众
473,长子文庙大成殿,元,元,1271,山西省长子县,长治市,长子县,古建筑,第八批,214,2019,小众
474,峪口圣母庙,元至清,元,1271,山西省汾阳市,吕梁市,汾阳市,古建筑,第八批,215,2019,小众
475,盂北泰山庙,元至清,元,1271,山西省盂县,阳泉市,盂县,古建筑,第八批,216,2019,小众
476,潦河头关帝庙,元至清,元,1271,山西省长治市潞城区,长治市,潞城区,古建筑,第八批,217,2019,小众
477,西社卫公庙,元至清,元,1271,山西省平顺县,长治市,平顺县,古建筑,第八批,218,2019,小众
478,西下庄昭泽王庙,元至清,元,1271,山西省黎城县,长治市,黎城县,古建筑,第八批,219,2019,小众
479,武乡福源院,元至清,元,1271,山西省武乡县,长治市,武乡县,古建筑,第八批,220,2019,小众
480,田庄全神庙,元至清,元,1271,山西省陵川县,晋城市,陵川县,古建筑,第八批,221,2019,小众
481,团东清化寺,元至清,元,1271,山西省高平市,晋城市,高平市,古建筑,第八批,222,2019,小众
482,梁村洪福寺,元至清,元,1271,山西省祁县,晋中市,祁县,古建筑,第八批,223,2019,小众
483,霍州祝圣寺,元至清,元,1271,山西省霍州市,临汾市,霍州市,古建筑,第八批,224,2019,小众
484,北辛舍利塔,明,明,1368,山西省万荣县,运城市,万荣县,古建筑,第八批,225,2019,小众
485,祁县镇河楼,明,明,1368,山西省祁县,晋中市,祁县,古建筑,第八批,226,2019,小众
486,大武鼓楼,明,明,1368,山西省方山县,吕梁市,方山县,古建筑,第八批,227,2019,小众
487,右玉宝宁寺,明,明,1368,山西省右玉县,朔州市,右玉县,古建筑,第八批,228,2019,小众
488,汾阳关帝庙,明,明,1368,山西省汾阳市,吕梁市,汾阳市,古建筑,第八批,229,2019,小众
489,胡家沟砖塔,明,明,1368,山西省兴县,吕梁市,兴县,古建筑,第八批,230,2019,小众
490,普救寺塔,明,明,1368,山西省永济市,运城市,永济市,古建筑,第八批,231,2019,小众
491,永济万固寺,明,明,1368,山西省永济市,运城市,永济市,古建筑,第八批,232,2019,小众
492,繁峙琉璃塔,明,明,1368,山西省繁峙县,忻州市,繁峙县,古建筑,第八批,233,2019,小众
493,平城兴国寺,明,明,1368,山西省大同市平城区,大同市,平城区,古建筑,第八批,234,2019,小众
494,大同鼓楼,明,明,1368,山西省大同市平城区,大同市,平城区,古建筑,第八批,235,2019,小众
495,西关三圣寺大殿,明,明,1368,山西省盂县,阳泉市,盂县,古建筑,第八批,236,2019,小众
496,永济扁鹊庙,明,明,1368,山西省永济市,运城市,永济市,古建筑,第八批,237,2019,小众
497,董村戏台,明,明,1368,山西省永济市,运城市,永济市,古建筑,第八批,238,2019,小众
498,崞阳文庙,明清,明清,9999,山西省原平市,忻州市,原平市,古建筑,第八批,239,2019,小众
499,阳城文庙,明清,明清,9999,山西省阳城县,晋城市,阳城县,古建筑,第八批,240,2019,小众
500,长则普明寺,明清,明清,9999,山西省平遥县,晋中市,平遥县,古建筑,第八批,241,2019,小众
501,热留关帝庙,明清,明清,9999,山西省古县,临汾市,古县,古建筑,第八批,242,2019,小众
502,阳曲轩辕庙,明清,明清,9999,山西省阳曲县,太原市,阳曲县,古建筑,第八批,243,2019,小众
503,霍州鼓楼,明清,明清,9999,山西省霍州市,临汾市,霍州市,古建筑,第八批,244,2019,小众
504,东姚温牌坊,明清,明清,9999,山西省永济市,运城市,永济市,古建筑,第八批,245,2019,小众
505,阳城寿圣寺及琉璃塔,明清,明清,9999,山西省阳城县,晋城市,阳城县,古建筑,第八批,246,2019,小众
506,高平铁佛寺,明清,明清,9999,山西省高平市,晋城市,高平市,古建筑,第八批,247,2019,小众
507,墙下关帝庙,明清,明清,9999,山西省夏县,运城市,夏县,古建筑,第八批,248,2019,小众
508,留晖洪福寺,明清,明清,9999,山西省定襄县,忻州市,定襄县,古建筑,第八批,249,2019,小众
509,五台山南山寺,明至民国,明,1368,山西省五台县,忻州市,五台县,古建筑,第八批,250,2019,小众
510,静乐文庙,明至民国,明,1368,山西省静乐县,忻州市,静乐县,古建筑,第八批,251,2019,小众
511,汾阳后土圣母庙,明至民国,明,1368,山西省汾阳市,吕梁市,汾阳市,古建筑,第八批,252,2019,小众
512,于成龙故居,清,清,1644,山西省方山县,吕梁市,方山县,古建筑,第八批,253,2019,小众
513,阳武朱氏牌楼,清,清,1644,山西省原平市,忻州市,原平市,古建筑,第八批,254,2019,小众
514,阮氏双碑楼,清,清,1644,山西省河津市,运城市,河津市,古建筑,第八批,255,2019,小众
515,解州同善义仓,清,清,1644,山西省运城市盐湖区,运城市,盐湖区,古建筑,第八批,256,2019,小众
516,曲沃薛家大院,清,清,1644,山西省曲沃县,临汾市,曲沃县,古建筑,第八批,257,2019,小众
517,怀覃会馆,清,清,1644,山西省晋城市城区,晋城市,城区,古建筑,第八批,258,2019,小众
518,五台山尊胜寺,民国,民国,1912,山西省五台县,忻州市,五台县,古建筑,第八批,259,2019,小众
519,山神峪千佛洞石窟,元、清,元,1271,山西省交口县,吕梁市,交口县,石窟寺及石刻,第八批,480,2019,小众
520,挂甲山摩崖造像,北朝至明,北朝,420,山西省吉县,临汾市,吉县,石窟寺及石刻,第八批,481,2019,小众
521,营里千佛洞石窟,北齐至唐,北齐,550,山西省乡宁县,临汾市,乡宁县,石窟寺及石刻,第八批,482,2019,小众
522,竖石佛摩崖造像,北齐至唐,北齐,550,山西省交城县,吕梁市,交城县,石窟寺及石刻,第八批,483,2019,小众
523,静居寺石窟,唐,唐,618,山西省静乐县,忻州市,静乐县,石窟寺及石刻,第八批,484,2019,推荐
524,高君宇故居,1896年,近现代,1896,山西省娄烦县,太原市,娄烦县,近现代/革命史迹,第八批,528,2019,可选
525,山西督军府旧址,1916年,近现代,1916,山西省太原市杏花岭区,太原市,杏花岭区,近现代/革命史迹,第八批,529,2019,可选
526,忻口战役遗址,1937年,近现代,1937,山西省忻州市忻府区,忻州市,忻府区,近现代/革命史迹,第八批,530,2019,可选
527,金岗库村晋察冀军区司令部旧址,1938年,近现代,1938,山西省五台县,忻州市,五台县,近现代/革命史迹,第八批,531,2019,可选
528,晋绥日报社旧址,1940年,近现代,1940,山西省兴县,吕梁市,兴县,近现代/革命史迹,第八批,532,2019,可选
529,小李村太岳行署旧址,1942年,近现代,1942,山西省安泽县,临汾市,安泽县,近现代/革命史迹,第八批,533,2019,可选
530,北坡中共中央晋绥分局旧址,1942年,近现代,1942,山西省兴县,吕梁市,兴县,近现代/革命史迹,第八批,534,2019,可选
531,临县陕甘宁晋绥联防军指挥部旧址,1947年,近现代,1947,山西省临县,吕梁市,临县,近现代/革命史迹,第八批,535,2019,可选
532,临县中央后委机关旧址,1947年,近现代,1947,山西省临县,吕梁市,临县,近现代/革命史迹,第八批,536,2019,可选
